0,1,2,3,4,5,6,7,8,9,10,11,12,13,14,15,16,17,18,19,20,21,22,23,24,25,26,27,28,29,30,31,32,33,34,35,36,37,38,39,40,41,42,43,44
7.366700000000000470e-01,0.000000000000000000e+00,2.145899999999999797e-09,1.591300000000000028e-04,1.162600000000000016e-04,5.078700000000000181e-06,6.969999999999999547e-07,8.104499999999999548e-08,5.568999999999999773e-08,5.946499999999999944e-07,1.503200000000000067e-06,2.901099999999999859e-02,4.726400000000000183e-06,9.031900000000000719e-06,4.969400000000000228e-06,1.833999999999999879e-07,2.089999999999999844e-02,9.237899999999999294e-09,2.657000000000000035e-07,7.133800000000000037e-05,1.413000000000000013e-07,1.120999999999999948e-02,1.429799999999999995e-02,8.892100000000000592e-08,2.199999999999999872e-02,2.301400000000000022e-05,1.160000000000000064e-07,3.429899999999999763e-07,4.663099999999999884e-02,3.621099999999999940e-06,2.773899999999999818e-06,7.766400000000000188e-10,7.599300000000000424e-09,1.256099999999999925e-02,6.305499999999999994e-02,1.749000000000000026e-05,9.810299999999999229e-03,5.265199999999999666e-05,8.195900000000000591e-05,8.030600000000000585e-03,3.001000000000000151e-06,7.767800000000000245e-08,1.716899999999999934e-09,2.845199999999999986e-03,2.242099999999999996e-02
4.502699999999999758e-02,2.045800000000000049e-02,0.000000000000000000e+00,1.383599999999999933e-05,2.011899999999999904e-07,7.185900000000000097e-06,2.122400000000000211e-06,9.642700000000000360e-05,8.148100000000000812e-06,8.480799999999999450e-02,1.122600000000000060e-06,1.030799999999999902e-03,2.495800000000000087e-08,7.419999999999999474e-07,2.184199999999999931e-07,6.433600000000000430e-02,1.022600000000000001e-04,7.623300000000000388e-03,1.664300000000000100e-06,8.293100000000000471e-02,7.871899999999999967e-07,2.018400000000000061e-08,7.139900000000000029e-07,2.613700000000000051e-02,5.837400000000000401e-03,6.122400000000000030e-06,3.352399999999999806e-14,2.600200000000000081e-02,1.149499999999999921e-05,1.257699999999999964e-02,5.442599999999999695e-04,1.625899999999999915e-02,1.640499999999999944e-02,3.310500000000000248e-02,2.173199999999999793e-06,2.389799999999999910e-02,9.390100000000000183e-03,5.056600000000000070e-04,1.621799999999999978e-02,1.340200000000000103e-06,5.104100000000000303e-03,7.563199999999999856e-07,4.919399999999999884e-01,3.368599999999999806e-03,6.235499999999999723e-03
6.389399999999999524e-01,6.669000000000000015e-05,5.226200000000000039e-07,0.000000000000000000e+00,1.100199999999999963e-02,5.653599999999999945e-03,7.996399999999999394e-09,1.534699999999999953e-02,6.947199999999999730e-03,7.956700000000000578e-03,1.992899999999999880e-02,8.013799999999999743e-03,3.377200000000000341e-02,1.033700000000000027e-03,8.676900000000000094e-07,1.986099999999999924e-06,1.934800000000000093e-06,1.191500000000000048e-07,2.172800000000000079e-02,6.835299999999999883e-03,2.214699999999999988e-05,1.380600000000000056e-02,2.152799999999999954e-06,2.307000000000000023e-02,1.060799999999999981e-03,1.830900000000000106e-03,2.819099999999999826e-06,3.180499999999999994e-02,5.201700000000000074e-02,8.026300000000000101e-03,2.901599999999999883e-06,1.472300000000000075e-06,7.381900000000000423e-06,1.766099999999999962e-02,2.857499999999999971e-02,2.183500000000000016e-05,3.028699999999999850e-08,1.801099999999999923e-02,7.154300000000000264e-06,1.372600000000000035e-02,1.265499999999999996e-06,2.473400000000000165e-09,1.157000000000000037e-08,1.061800000000000070e-02,2.492900000000000151e-03
5.055600000000000371e-03,7.421900000000000209e-05,9.804600000000000121e-03,2.202200000000000078e-03,0.000000000000000000e+00,1.304199999999999939e-06,1.045199999999999954e-04,1.408599999999999956e-02,6.216299999999999885e-07,1.121100000000000048e-02,8.793600000000000646e-05,1.266199999999999964e-02,2.771499999999999875e-04,4.025300000000000102e-04,3.285700000000000153e-06,6.557100000000000032e-10,7.592699999999999970e-03,9.256600000000000448e-06,2.698700000000000057e-03,1.045800000000000008e-06,2.911700000000000052e-02,5.693400000000000072e-05,2.992600000000000121e-02,3.498900000000000182e-07,1.185900000000000051e-07,1.181299999999999955e-04,1.976500000000000050e-06,2.665800000000000125e-05,1.915400000000000089e-02,1.330699999999999982e-03,1.308600000000000058e-06,8.437400000000000100e-07,6.459900000000000191e-03,6.197200000000000365e-04,6.559699999999999906e-03,3.017499999999999892e-04,6.563799999999999635e-01,1.104499999999999971e-06,2.093899999999999993e-04,5.898199999999999873e-05,8.655800000000000169e-04,2.693500000000000131e-06,1.597899999999999876e-01,1.529499999999999957e-02,7.447699999999999806e-03
1.493300000000000085e-04,5.825399999999999740e-07,1.937799999999999980e-05,2.619199999999999914e-03,2.309800000000000145e-05,0.000000000000000000e+00,6.197199999999999933e-07,9.249599999999999532e-04,1.700200000000000044e-06,4.513399999999999877e-03,1.917499999999999852e-05,1.709999999999999891e-05,4.730600000000000075e-06,5.674300000000000061e-08,3.119899999999999978e-06,1.085299999999999980e-03,9.242900000000000266e-07,2.464700000000000094e-07,9.795799999999999961e-05,1.002399999999999923e-05,2.265900000000000108e-05,4.228299999999999819e-06,5.780000000000000225e-05,2.895900000000000050e-11,3.159499999999999936e-08,9.822100000000000275e-01,1.967800000000000018e-03,1.764100000000000000e-04,1.296099999999999900e-03,2.756500000000000120e-05,6.836799999999999387e-08,1.651699999999999993e-09,7.369500000000000338e-06,1.778599999999999973e-03,1.966100000000000115e-06,2.161499999999999888e-05,2.060800000000000163e-09,2.608699999999999821e-03,4.054499999999999890e-06,1.637600000000000042e-05,7.342000000000000178e-06,2.608999999999999991e-04,3.089800000000000131e-05,8.095400000000000453e-06,3.215199999999999832e-07
1.595100000000000025e-05,3.814999999999999815e-03,2.845399999999999896e-05,5.888799999999999590e-04,8.820499999999999998e-04,1.148900000000000008e-03,0.000000000000000000e+00,2.297299999999999950e-03,1.134300000000000092e-06,2.677700000000000129e-05,1.793200000000000043e-05,1.702599999999999928e-05,2.371700000000000078e-04,6.911299999999999779e-04,2.695999999999999937e-04,7.319400000000000428e-05,1.226800000000000053e-06,4.899699999999999862e-05,5.107999999999999477e-04,2.431000000000000001e-04,9.753699999999999593e-01,2.009899999999999849e-05,2.334899999999999956e-05,2.124300000000000142e-06,1.662699999999999920e-04,3.948199999999999908e-05,6.342900000000000545e-05,1.208400000000000099e-03,2.955800000000000059e-05,5.096799999999999719e-05,2.921800000000000113e-04,1.618800000000000154e-05,3.178400000000000062e-04,8.721000000000000019e-05,2.343699999999999939e-05,2.517899999999999999e-03,2.401900000000000161e-05,6.764499999999999680e-03,4.402000000000000205e-05,1.146700000000000049e-05,3.153099999999999932e-06,1.533499999999999924e-03,7.314599999999999390e-05,3.329900000000000221e-04,6.599300000000000326e-05
4.457400000000000251e-02,5.977299999999999627e-03,4.334600000000000210e-10,1.108799999999999955e-05,2.747299999999999829e-03,1.872500000000000032e-03,5.559800000000000159e-03,0.000000000000000000e+00,5.150800000000000219e-05,5.371600000000000375e-06,7.133599999999999768e-06,4.131199999999999803e-03,1.051499999999999917e-03,3.826600000000000259e-05,5.000300000000000220e-05,4.596099999999999665e-03,1.076500000000000011e-07,3.822799999999999896e-03,4.297999999999999973e-07,5.403500000000000019e-06,7.954600000000000039e-05,2.751000000000000116e-09,6.810599999999999987e-03,1.446700000000000069e-02,2.158799999999999955e-02,4.073799999999999858e-07,2.467500000000000009e-09,3.998499999999999706e-08,5.120600000000000152e-02,1.755399999999999956e-08,1.552900000000000070e-03,4.366700000000000052e-07,3.134300000000000020e-03,1.170600000000000066e-06,4.726800000000000213e-06,4.629500000000000282e-02,3.162699999999999842e-09,7.662800000000000563e-06,2.504699999999999922e-07,9.866599999999999676e-03,2.050299999999999837e-08,3.941700000000000238e-03,7.559099999999999708e-01,1.063200000000000083e-02,3.755000000000000047e-06
4.028000000000000229e-06,1.208999999999999944e-05,5.170600000000000097e-06,3.810200000000000213e-05,5.350200000000000038e-06,2.207500000000000125e-05,3.468200000000000099e-06,3.602800000000000047e-06,0.000000000000000000e+00,2.862000000000000042e-05,1.030100000000000048e-04,3.947199999999999749e-05,3.989999999999999797e-02,4.522499999999999611e-03,9.239899999999999780e-01,2.641599999999999831e-06,9.466800000000000570e-06,5.313199999999999884e-05,1.846100000000000171e-02,5.493900000000000034e-06,8.056199999999999202e-06,3.263500000000000179e-05,2.878199999999999842e-09,6.424199999999999919e-05,7.435100000000000185e-08,7.764000000000000068e-03,7.264300000000000227e-05,2.875199999999999848e-05,1.396800000000000077e-05,1.827800000000000084e-03,1.402300000000000042e-04,1.854500000000000083e-04,9.223999999999999777e-05,2.263100000000000094e-03,5.832700000000000077e-06,7.051900000000000194e-06,7.114500000000000609e-08,1.914300000000000019e-04,8.563999999999999659e-06,2.631400000000000124e-07,4.902900000000000102e-06,6.433000000000000241e-05,6.392900000000000236e-06,3.877199999999999911e-06,4.443399999999999673e-06
8.033999999999999475e-02,9.208499999999999672e-03,4.534600000000000257e-05,7.408500000000000643e-05,4.170600000000000002e-03,1.048299999999999926e-02,9.842100000000000579e-10,2.780400000000000146e-03,8.547400000000000490e-09,0.000000000000000000e+00,6.659299999999999921e-06,4.341799999999999664e-06,5.859199999999999950e-07,5.673900000000000005e-06,1.711599999999999921e-08,2.374500000000000051e-05,6.585599999999999727e-11,3.641500000000000292e-02,3.189700000000000140e-06,7.921500000000000644e-05,4.748500000000000361e-06,4.780700000000000450e-07,1.195200000000000009e-05,7.679599999999999495e-08,9.657999999999999529e-08,3.960300000000000066e-08,6.377199999999999857e-09,2.640699999999999975e-05,7.862700000000000244e-03,5.821799999999999724e-05,8.742400000000000251e-08,1.763699999999999990e-01,2.599300000000000135e-03,4.208600000000000244e-07,2.728799999999999976e-02,6.009399999999999799e-07,1.226400000000000060e-02,2.778399999999999939e-10,8.754299999999999980e-07,2.757400000000000061e-07,2.083599999999999877e-08,1.036999999999999955e-08,6.288700000000000401e-01,9.951400000000000436e-04,1.534000000000000079e-10
1.421099999999999967e-02,3.523000000000000090e-03,3.132699999999999987e-08,4.195700000000000124e-03,7.037899999999999778e-08,9.825199999999999531e-09,2.201500000000000123e-01,2.702699999999999975e-07,1.600300000000000056e-01,2.190200000000000138e-05,0.000000000000000000e+00,5.649700000000000338e-04,4.318799999999999722e-02,5.967800000000000188e-02,1.477900000000000047e-01,6.359799999999999655e-04,1.134199999999999965e-02,2.981699999999999760e-07,1.346600000000000054e-02,4.333000000000000019e-05,5.134199999999999910e-09,2.975500000000000141e-06,6.937899999999999676e-07,1.160099999999999955e-05,2.146299999999999919e-09,8.519400000000000173e-09,9.140799999999999371e-08,6.080700000000000243e-05,1.842399999999999843e-05,1.249499999999999916e-02,4.100399999999999878e-02,1.023800000000000049e-06,1.516000000000000125e-01,4.215000000000000132e-05,3.399100000000000168e-04,1.567599999999999940e-03,2.316199999999999856e-02,3.529599999999999888e-10,4.797200000000000081e-05,2.267899999999999996e-09,1.718399999999999929e-06,8.122600000000000220e-08,9.081000000000000183e-02,6.065599999999999734e-08,1.129400000000000041e-07
6.388800000000000106e-09,1.908399999999999889e-05,5.183499999999999584e-06,3.976299999999999973e-02,2.395899999999999880e-05,5.053100000000000256e-04,6.014900000000000213e-07,2.310699999999999906e-07,1.372600000000000038e-05,1.594099999999999987e-03,1.137200000000000016e-02,0.000000000000000000e+00,1.836499999999999916e-04,3.429900000000000049e-03,1.635199999999999862e-05,9.357300000000000686e-03,3.541499999999999816e-09,8.725899999999999976e-03,4.605899999999999578e-03,3.748099999999999869e-03,1.798899999999999978e-03,2.529600000000000099e-07,1.240300000000000083e-02,6.682200000000000498e-05,1.031100000000000072e-02,8.505699999999999719e-03,2.640600000000000180e-06,2.999800000000000167e-08,6.471799999999999775e-03,5.726199999999999866e-03,1.071499999999999970e-03,1.195700000000000061e-03,4.954199999999999750e-03,6.355200000000000156e-07,4.370399999999999695e-06,2.513399999999999836e-03,1.869599999999999934e-10,2.964799999999999936e-09,2.174900000000000132e-06,3.103600000000000109e-02,2.434699999999999983e-04,4.849799999999999713e-06,7.444100000000000161e-01,3.094100000000000158e-06,8.590899999999999925e-02
1.939300000000000052e-02,2.079600000000000025e-03,3.913100000000000194e-04,1.099100000000000031e-05,7.398100000000000336e-03,1.030100000000000014e-05,9.511700000000000767e-06,1.415900000000000047e-04,2.480399999999999833e-05,4.073300000000000184e-04,2.111299999999999982e-03,2.454700000000000062e-05,0.000000000000000000e+00,1.849399999999999945e-05,9.363200000000000411e-01,2.907199999999999880e-05,1.357499999999999962e-05,2.868900000000000183e-03,7.275000000000000216e-03,1.259500000000000054e-05,1.865799999999999924e-04,2.026500000000000048e-07,8.155199999999999440e-06,1.774900000000000100e-04,6.880499999999999970e-08,3.267299999999999892e-03,1.044999999999999990e-05,2.954100000000000058e-05,7.419200000000000049e-06,2.421800000000000089e-05,8.091600000000000591e-06,2.292499999999999887e-04,7.076999999999999957e-03,4.548800000000000087e-04,1.197900000000000000e-06,7.943799999999999397e-05,8.089900000000000251e-06,6.172499999999999771e-06,2.657400000000000002e-05,4.225900000000000316e-05,2.702899999999999834e-03,5.026699999999999832e-05,7.751699999999999661e-05,1.548000000000000087e-05,6.970800000000000086e-03
6.056699999999999965e-07,3.494699999999999998e-04,2.457399999999999889e-08,9.333499999999999502e-08,2.100599999999999844e-05,4.207000000000000051e-09,1.118100000000000099e-09,9.531199999999999479e-06,2.410599999999999896e-02,9.116299999999999648e-07,5.910699999999999635e-03,5.694299999999999843e-06,2.917099999999999904e-05,0.000000000000000000e+00,8.780099999999999572e-01,1.317900000000000037e-05,4.007899999999999777e-07,9.316800000000000335e-10,1.075999999999999947e-06,1.125500000000000066e-06,7.785699999999999565e-02,5.207499999999999481e-07,4.708600000000000222e-07,1.701399999999999922e-06,6.316800000000000236e-06,4.275400000000000022e-08,2.875599999999999872e-10,3.318900000000000106e-06,4.212600000000000011e-10,2.846499999999999979e-07,1.012700000000000029e-09,6.424900000000000099e-06,1.650299999999999895e-07,7.259400000000000325e-06,7.068100000000000387e-11,1.090599999999999985e-06,2.407800000000000160e-07,5.090000000000000183e-07,1.036799999999999967e-04,3.917999999999999588e-06,5.080399999999999885e-07,1.231899999999999934e-08,1.354099999999999922e-02,3.632599999999999719e-08,9.822100000000000370e-06
8.057399999999999935e-04,1.010300000000000000e-04,8.245399999999999355e-05,5.702299999999999936e-05,3.488000000000000215e-04,3.428099999999999789e-04,7.044599999999999820e-03,1.999299999999999916e-04,1.983300000000000137e-05,3.413499999999999759e-05,4.237699999999999762e-05,1.018500000000000091e-03,2.867700000000000004e-05,3.620599999999999860e-03,0.000000000000000000e+00,1.027100000000000043e-05,5.282500000000000330e-05,2.622000000000000199e-03,3.382299999999999787e-05,6.811200000000000110e-05,9.747200000000000308e-01,8.774099999999999901e-05,9.637499999999999799e-05,3.070699999999999992e-04,3.656199999999999824e-06,9.225600000000000236e-08,1.548300000000000067e-05,7.064899999999999900e-06,3.064699999999999982e-05,2.234899999999999897e-05,8.126200000000000225e-06,6.625099999999999978e-05,3.460000000000000076e-05,6.073200000000000061e-05,5.066200000000000062e-08,2.912200000000000002e-05,8.457200000000000275e-05,3.987800000000000004e-04,2.577500000000000085e-08,6.417600000000000355e-05,2.357899999999999905e-04,9.666199999999999576e-04,4.807200000000000188e-03,3.562899999999999921e-04,1.067299999999999976e-03
3.343500000000000091e-05,1.480299999999999944e-09,5.554899999999999768e-03,7.643200000000000276e-05,2.482800000000000183e-06,3.583199999999999845e-05,3.530500000000000164e-05,7.762899999999999983e-08,7.960499999999999423e-05,9.800800000000000252e-07,2.066799999999999931e-05,2.782199999999999807e-06,8.235099999999999937e-07,4.732599999999999907e-07,1.305700000000000072e-08,0.000000000000000000e+00,1.723500000000000047e-07,8.437700000000000176e-08,3.380700000000000090e-06,4.263600000000000029e-02,2.859899999999999927e-06,2.289699999999999863e-06,3.275999999999999941e-04,3.962700000000000140e-08,4.882699999999999855e-06,1.702100000000000011e-03,2.792899999999999975e-06,7.814000000000000112e-02,6.251499999999999565e-07,8.053599999999999301e-03,2.995800000000000184e-06,8.798700000000000444e-04,1.101500000000000042e-05,2.455900000000000010e-03,6.390199999999999874e-08,4.632599999999999739e-03,1.417100000000000010e-11,9.022200000000000456e-05,8.549600000000000533e-01,1.644299999999999974e-07,3.113399999999999816e-10,1.287900000000000019e-10,2.159799999999999887e-05,2.587199999999999979e-06,2.273900000000000031e-04
2.538700000000000071e-03,1.576700000000000107e-03,3.447600000000000246e-07,1.455000000000000130e-04,1.125799999999999962e-04,2.573300000000000153e-03,1.976700000000000065e-06,3.673000000000000133e-07,4.251400000000000123e-04,3.911800000000000392e-06,2.377899999999999872e-07,4.902200000000000049e-07,5.671600000000000044e-07,5.327299999999999799e-07,1.237599999999999945e-10,7.906799999999999582e-05,0.000000000000000000e+00,9.559500000000000335e-09,7.240199999999999875e-09,7.246200000000000392e-07,7.810299999999999468e-08,8.393000000000000788e-06,9.017299999999999622e-08,6.762099999999999386e-08,1.452299999999999902e-04,2.923499999999999883e-03,1.072100000000000078e-06,1.349599999999999953e-04,9.876099999999999879e-01,1.712500000000000032e-09,5.001400000000000091e-06,4.532899999999999918e-05,2.895500000000000179e-04,2.947399999999999868e-04,4.406500000000000077e-06,1.538000000000000066e-09,2.141800000000000038e-10,5.214599999999999591e-07,4.762999999999999764e-04,4.791199999999999957e-10,6.406900000000000017e-07,4.486399999999999939e-06,8.545800000000000198e-07,5.650799999999999884e-08,5.917599999999999857e-04
6.787999999999999763e-03,3.890999999999999846e-05,9.195400000000000113e-10,5.780500000000000048e-03,2.192200000000000051e-02,5.823800000000000043e-05,9.315799999999999813e-07,1.171200000000000069e-05,3.661999999999999977e-02,9.126999999999999696e-03,1.622099999999999936e-05,1.681499999999999910e-06,1.094399999999999956e-01,7.954300000000000259e-02,6.469399999999999595e-01,4.732700000000000021e-07,3.942899999999999976e-06,0.000000000000000000e+00,1.374300000000000001e-02,7.594499999999999878e-06,4.373799999999999910e-02,2.472799999999999749e-07,3.148800000000000244e-07,8.738100000000000245e-06,3.259000000000000178e-03,8.796699999999999989e-06,9.475300000000000573e-06,2.953600000000000190e-07,5.688499999999999831e-06,1.360899999999999964e-07,1.053000000000000083e-05,1.710900000000000001e-06,1.335399999999999955e-02,1.102500000000000032e-06,4.572600000000000063e-06,4.191500000000000103e-05,4.591699999999999592e-06,7.585400000000000253e-06,2.241100000000000024e-06,1.625399999999999989e-04,2.146799999999999924e-03,5.296300000000000313e-03,1.896300000000000069e-03,5.913100000000000188e-08,1.637399999999999985e-06
8.866300000000000136e-05,1.478400000000000023e-08,1.444299999999999978e-04,7.589700000000000365e-06,7.578099999999999918e-10,7.458700000000000475e-07,1.111300000000000066e-01,4.031199999999999893e-09,6.481900000000000622e-08,9.939099999999999313e-09,2.963700000000000102e-03,6.680600000000000080e-03,2.988600000000000008e-14,5.059000000000000129e-03,2.480200000000000113e-02,1.014400000000000024e-02,1.966000000000000150e-05,3.596399999999999990e-06,0.000000000000000000e+00,4.451800000000000201e-02,7.210199999999999942e-01,1.411899999999999984e-06,2.782100000000000011e-06,2.329599999999999896e-08,1.327900000000000076e-04,2.274999999999999939e-02,1.499100000000000064e-04,2.930700000000000073e-14,3.135399999999999830e-05,3.369399999999999826e-03,5.621600000000000522e-07,7.699299999999999959e-05,4.535899999999999828e-03,1.158299999999999955e-02,3.429899999999999941e-04,1.150400000000000034e-02,1.181800000000000038e-02,1.320799999999999916e-06,6.301199999999999857e-03,3.603800000000000123e-06,2.135799999999999981e-04,3.077500000000000181e-06,1.637900000000000022e-04,2.985300000000000290e-14,4.275799999999999957e-04
4.829599999999999865e-03,3.773800000000000189e-06,8.027500000000000248e-09,2.017000000000000043e-02,1.627499999999999850e-08,1.300399999999999993e-02,9.289399999999999789e-08,1.140300000000000043e-04,1.189299999999999936e-07,2.017799999999999976e-06,5.540700000000000374e-07,1.483500000000000010e-03,6.686899999999999962e-05,5.260899999999999893e-06,1.064999999999999968e-06,1.166700000000000027e-05,1.006499999999999935e-05,2.123400000000000075e-07,2.360999999999999904e-02,0.000000000000000000e+00,2.554800000000000126e-02,6.431300000000000038e-03,2.774799999999999928e-05,1.055399999999999924e-05,8.262300000000000200e-03,2.058699999999999873e-06,5.294600000000000307e-08,1.161000000000000065e-05,4.363400000000000152e-10,5.008000000000000299e-04,1.395699999999999935e-03,9.119499999999999135e-03,1.089600000000000042e-07,1.690999999999999903e-04,2.386900000000000068e-04,1.821300000000000002e-02,2.203099999999999850e-02,2.256100000000000119e-02,3.787300000000000144e-05,7.780000000000000457e-04,2.904199999999999959e-08,5.485500000000000250e-05,8.144900000000000473e-01,3.406799999999999976e-04,6.457700000000000246e-03
2.820099999999999888e-08,4.630699999999999769e-07,2.451999999999999902e-05,1.632700000000000004e-04,1.780799999999999958e-05,8.257199999999999263e-03,9.033000000000000219e-08,9.666300000000000007e-09,5.549600000000000275e-08,6.814899999999999700e-08,1.040600000000000032e-04,2.740899999999999880e-06,5.844499999999999825e-10,9.910499999999999970e-08,8.519899999999999416e-08,2.147200000000000063e-07,5.555700000000000222e-04,2.463800000000000132e-07,8.171099999999999628e-08,7.478499999999999559e-10,0.000000000000000000e+00,6.314000000000000168e-03,1.314300000000000071e-04,3.535500000000000285e-05,8.512799999999999201e-06,3.304099999999999756e-05,1.180399999999999955e-06,5.311500000000000222e-05,1.843600000000000102e-05,4.265999999999999827e-03,6.813200000000000574e-11,1.258699999999999923e-02,8.584100000000000757e-03,1.375000000000000007e-02,4.137799999999999855e-04,2.001800000000000098e-07,3.932599999999999758e-08,1.553200000000000067e-02,4.858999999999999768e-07,4.889500000000000366e-06,1.025599999999999999e-07,3.092999999999999969e-08,9.129699999999999482e-01,5.418899999999999905e-07,1.616400000000000128e-02
2.333999999999999964e-01,7.526599999999999957e-02,9.987599999999999256e-03,7.183900000000000390e-10,3.204299999999999797e-05,6.397700000000000609e-02,1.435500000000000063e-05,3.557799999999999851e-02,3.648200000000000206e-04,1.602100000000000082e-09,3.850599999999999917e-09,4.688799999999999912e-02,1.210599999999999963e-04,1.033999999999999995e-07,3.483899999999999797e-06,7.356200000000000186e-07,1.381599999999999918e-04,5.664300000000000130e-06,2.330399999999999833e-03,2.025100000000000164e-03,2.817700000000000144e-08,0.000000000000000000e+00,4.310599999999999848e-02,5.314300000000000100e-03,6.911499999999999588e-02,4.216699999999999794e-05,3.145599999999999785e-02,1.495299999999999897e-07,1.309600000000000000e-02,3.076200000000000115e-02,6.406100000000000169e-07,3.011800000000000115e-06,4.423500000000000348e-03,2.031700000000000172e-02,1.506200000000000074e-02,7.458299999999999522e-04,2.211600000000000097e-08,1.896599999999999953e-01,1.140399999999999957e-05,9.138899999999999864e-08,4.828999999999999844e-06,1.344999999999999967e-08,1.365999999999999956e-08,1.067499999999999977e-01,1.560499999999999978e-07
4.156300000000000272e-02,6.575699999999999947e-09,2.806400000000000100e-05,4.295700000000000224e-05,3.215400000000000059e-07,1.277200000000000037e-02,6.129199999999999886e-09,3.628899999999999764e-05,1.893800000000000062e-05,4.568600000000000270e-05,2.227000000000000023e-07,1.281599999999999935e-06,3.865199999999999856e-06,2.887599999999999996e-07,9.022700000000000451e-08,3.593499999999999906e-03,5.473399999999999680e-13,2.161800000000000071e-04,1.972100000000000068e-03,2.510099999999999905e-06,5.708600000000000198e-05,1.007700000000000025e-05,0.000000000000000000e+00,1.633100000000000078e-09,3.679199999999999868e-09,2.583999999999999925e-03,5.561999999999999645e-07,8.028700000000000159e-04,9.131000000000000227e-01,1.944200000000000095e-03,5.662800000000000230e-06,9.177199999999999287e-09,6.439500000000000355e-09,9.701199999999999545e-07,5.309599999999999952e-06,2.371999999999999990e-05,2.588200000000000055e-05,1.890100000000000113e-02,2.792800000000000179e-06,1.317900000000000104e-03,3.676299999999999852e-06,4.856699999999999596e-06,9.757099999999999735e-09,6.387100000000000156e-04,2.750599999999999855e-04
2.640000000000000202e-04,1.688199999999999862e-05,2.587699999999999975e-05,1.492099999999999995e-05,2.767899999999999791e-07,5.570699999999999875e-06,2.948199999999999996e-04,3.029499999999999930e-09,7.889900000000000472e-06,8.232300000000000446e-05,2.397700000000000005e-03,1.573099999999999897e-05,2.743500000000000075e-05,1.050399999999999945e-03,2.037200000000000078e-05,2.521499999999999761e-04,9.909100000000000384e-05,1.047999999999999961e-05,3.028999999999999900e-04,9.830100000000000504e-01,5.074399999999999558e-10,5.456200000000000378e-07,5.646100000000000034e-05,0.000000000000000000e+00,1.275700000000000000e-04,7.651100000000000319e-06,3.774800000000000030e-03,1.890699999999999933e-03,1.399900000000000015e-08,1.512499999999999901e-04,2.820300000000000086e-05,4.498999999999999853e-04,1.930199999999999917e-05,2.251400000000000189e-03,2.169500000000000005e-08,7.060500000000000586e-05,1.647999999999999934e-07,5.522800000000000452e-04,1.260700000000000015e-03,2.720399999999999907e-05,1.275700000000000000e-04,1.563900000000000053e-05,1.245999999999999929e-03,2.240199999999999998e-05,2.374599999999999931e-05
1.059700000000000008e-03,7.811399999999999594e-03,1.872699999999999929e-03,6.897300000000000226e-07,1.299400000000000108e-07,6.054099999999999759e-03,5.169400000000000210e-03,8.653900000000000611e-05,5.074999999999999949e-09,1.162100000000000004e-04,9.360099999999999753e-07,1.413900000000000053e-03,7.303000000000000247e-04,1.577299999999999837e-08,2.258699999999999969e-07,3.045399999999999993e-07,1.952400000000000145e-05,1.386599999999999989e-06,5.096900000000000345e-04,2.639900000000000146e-03,1.787099999999999902e-07,2.128500000000000184e-03,2.975699999999999971e-09,6.026700000000000623e-08,0.000000000000000000e+00,9.694700000000000539e-01,1.645899999999999988e-06,7.889600000000000449e-07,7.860099999999999358e-09,1.088000000000000019e-04,5.451800000000000047e-06,9.069699999999999482e-08,1.461499999999999983e-05,1.864500000000000053e-07,1.347800000000000038e-05,5.673000000000000081e-11,6.043200000000000009e-06,1.559799999999999846e-08,1.232499999999999973e-05,1.584099999999999961e-05,1.398300000000000021e-07,5.326299999999999484e-10,2.724900000000000152e-04,3.525800000000000158e-04,1.116800000000000014e-04
1.766699999999999868e-02,2.070499999999999858e-03,2.322899999999999816e-06,3.727199999999999958e-04,3.725700000000000192e-03,8.758899999999999902e-07,1.804599999999999954e-03,6.667700000000000341e-07,5.061200000000000348e-07,3.280900000000000116e-09,1.385600000000000015e-04,7.954900000000000426e-04,8.135199999999999631e-06,1.786799999999999986e-06,1.237800000000000033e-06,4.597299999999999748e-08,4.614999999999999658e-02,2.783899999999999868e-08,5.039099999999999916e-04,3.260000000000000128e-06,1.810899999999999919e-10,8.599299999999999452e-08,3.018499999999999968e-10,3.349400000000000153e-05,5.083899999999999724e-06,0.000000000000000000e+00,3.191599999999999732e-04,5.884399999999999937e-06,8.787599999999999856e-01,1.766299999999999945e-04,3.337499999999999809e-06,6.659700000000000070e-09,1.163899999999999986e-06,2.167600000000000050e-04,3.440200000000000029e-04,1.454299999999999950e-04,6.939899999999999827e-08,8.396900000000000544e-03,1.368199999999999972e-03,2.154800000000000118e-02,4.759300000000000007e-07,4.186899999999999673e-06,1.004299999999999934e-09,1.458399999999999974e-02,8.347600000000000376e-04
5.372700000000000219e-03,1.337300000000000054e-05,1.996300000000000114e-04,4.509299999999999669e-05,9.718800000000000444e-07,6.041200000000000552e-11,8.286100000000000236e-04,1.591900000000000055e-09,2.498699999999999980e-05,5.163599999999999825e-05,3.452499999999999840e-03,1.413899999999999922e-06,3.359600000000000086e-02,8.335699999999999490e-05,1.564100000000000017e-04,3.131399999999999895e-03,4.215499999999999704e-06,8.019300000000000039e-03,3.437799999999999854e-08,1.084499999999999933e-04,1.894100000000000043e-05,1.284300000000000053e-05,1.343400000000000047e-05,2.587499999999999739e-04,7.225599999999999903e-06,1.172599999999999988e-04,0.000000000000000000e+00,4.897400000000000239e-05,1.113100000000000032e-04,4.090500000000000054e-06,9.282399999999999540e-01,3.353299999999999895e-05,9.016200000000000175e-06,2.004000000000000125e-05,7.676900000000000404e-08,3.970399999999999797e-03,1.859599999999999949e-05,7.249700000000000415e-03,1.630500000000000059e-05,9.090600000000000682e-06,9.929099999999999555e-09,1.317500000000000052e-09,1.014300000000000097e-03,3.647000000000000068e-03,9.342200000000000103e-05
1.326299999999999990e-05,3.389499999999999904e-06,2.751100000000000138e-04,3.640899999999999866e-03,1.521100000000000056e-05,4.946799999999999800e-06,3.533699999999999726e-05,3.112100000000000239e-05,6.538599999999999535e-07,5.982699999999999650e-03,9.499399999999999207e-06,6.644800000000000314e-06,1.917199999999999872e-05,4.855599999999999652e-09,6.095000000000000149e-10,8.039700000000000318e-03,2.287299999999999937e-05,3.794500000000000262e-07,2.941899999999999814e-11,4.830799999999999678e-02,5.096200000000000331e-08,1.963200000000000109e-06,1.996799999999999987e-07,6.160000000000000653e-05,5.942099999999999639e-04,6.446199999999999370e-05,2.500999999999999962e-07,0.000000000000000000e+00,4.623500000000000112e-10,3.498899999999999992e-04,1.616800000000000025e-07,9.425699999999999494e-08,1.510399999999999905e-04,2.368899999999999969e-05,8.202199999999999498e-05,2.564200000000000157e-07,1.923100000000000061e-07,5.363599999999999943e-05,9.219899999999999762e-01,6.739799999999999405e-05,4.207799999999999867e-07,2.363200000000000007e-05,9.949599999999999417e-03,1.796300000000000132e-04,7.529800000000000100e-07
6.800500000000000433e-01,4.024500000000000299e-02,3.877400000000000031e-03,7.190499999999999843e-03,2.814300000000000135e-02,6.389500000000000404e-08,5.476499999999999997e-06,3.664199999999999836e-03,5.360300000000000134e-03,4.342299999999999781e-08,1.573600000000000009e-07,4.988300000000000165e-06,5.733599999999999805e-08,3.207500000000000207e-06,3.972499999999999659e-06,9.425900000000000250e-07,2.175299999999999993e-05,7.154300000000000264e-05,8.708300000000000415e-03,9.017499999999999908e-04,2.004900000000000066e-06,3.907299999999999836e-03,3.038599999999999808e-04,9.714600000000000318e-03,2.978100000000000167e-05,8.579899999999999625e-05,8.607400000000000167e-07,4.095999999999999815e-03,0.000000000000000000e+00,2.077899999999999875e-04,1.790400000000000044e-06,3.719100000000000183e-02,2.930700000000000164e-07,2.218499999999999986e-02,1.221000000000000037e-02,5.525399999999999756e-03,3.367400000000000254e-02,4.543100000000000162e-09,6.443199999999999568e-05,2.424000000000000067e-08,2.205199999999999921e-07,1.824799999999999876e-05,6.614899999999999947e-02,2.155600000000000029e-04,2.616200000000000123e-02
2.220900000000000098e-04,1.129699999999999975e-02,7.096599999999999783e-03,8.561700000000000492e-08,6.648699999999999576e-03,2.420200000000000059e-08,8.927199999999999841e-06,1.241699999999999962e-09,2.297199999999999791e-06,7.280400000000000239e-03,5.487099999999999947e-07,4.003600000000000388e-03,1.945899999999999868e-06,1.152599999999999984e-06,1.418999999999999966e-05,6.429499999999999439e-08,5.716900000000000237e-04,3.597099999999999831e-08,5.466199999999999943e-05,3.911999999999999984e-06,3.737799999999999893e-08,1.632299999999999940e-04,4.785399999999999703e-11,8.524199999999999555e-01,1.642299999999999844e-05,1.198600000000000052e-06,5.431399999999999785e-07,1.947299999999999899e-03,5.403300000000000215e-07,0.000000000000000000e+00,3.546299999999999800e-08,2.441700000000000207e-03,2.113799999999999989e-04,5.490199999999999768e-03,1.058799999999999932e-03,6.413500000000000089e-07,1.339799999999999932e-03,1.894900000000000113e-07,5.720900000000000291e-02,4.765599999999999739e-07,1.108199999999999995e-05,1.074400000000000012e-07,3.378199999999999953e-02,2.459299999999999984e-04,6.453399999999999762e-03
1.818199999999999973e-05,1.691599999999999918e-03,2.935499999999999931e-05,7.728599999999999966e-04,4.196900000000000153e-04,6.783999999999999734e-09,2.659599999999999811e-04,5.404599999999999720e-05,4.588700000000000027e-04,5.735299999999999789e-05,7.777500000000000667e-05,4.350599999999999986e-05,2.663800000000000022e-03,2.462499999999999845e-03,9.834100000000000064e-01,2.960899999999999891e-06,4.233200000000000081e-07,1.347500000000000058e-05,1.699000000000000098e-04,1.342799999999999896e-03,2.829899999999999994e-04,2.012900000000000111e-08,1.259100000000000024e-05,1.918099999999999948e-04,1.689200000000000065e-07,4.901899999999999942e-05,2.078600000000000055e-05,1.003400000000000049e-04,1.022499999999999951e-05,2.371300000000000014e-04,0.000000000000000000e+00,1.362600000000000072e-08,3.904599999999999824e-03,2.465300000000000130e-04,3.994499999999999787e-05,1.858100000000000116e-04,1.374199999999999957e-07,7.589299999999999996e-05,2.274599999999999872e-05,2.140799999999999900e-05,5.007199999999999832e-09,1.395299999999999928e-08,2.008400000000000083e-04,4.180200000000000127e-04,2.034999999999999998e-05
7.289900000000000270e-12,8.262100000000000245e-09,2.087700000000000142e-09,8.962600000000000604e-12,9.447899999999999785e-07,1.035699999999999926e-05,2.395000000000000001e-10,5.677699999999999946e-10,4.646599999999999753e-10,1.426400000000000064e-02,3.681000000000000163e-05,1.583600000000000094e-10,3.057700000000000308e-08,3.448700000000000302e-08,1.025599999999999999e-07,2.908899999999999796e-06,9.795300000000000368e-08,8.115900000000000544e-03,5.878599999999999738e-10,6.604100000000000221e-08,2.259100000000000026e-08,2.007100000000000152e-08,2.869099999999999946e-10,7.526699999999999884e-03,9.301500000000000645e-06,4.299500000000000249e-11,1.908299999999999927e-02,3.670599999999999991e-03,1.042500000000000071e-09,5.506999999999999748e-07,6.175599999999999850e-10,0.000000000000000000e+00,1.256899999999999943e-05,1.681299999999999895e-06,1.655100000000000044e-06,1.950100000000000121e-09,2.265899999999999899e-10,8.377600000000000169e-12,1.161699999999999980e-10,1.874599999999999917e-10,7.595100000000000221e-12,1.251600000000000103e-10,9.472599999999999909e-01,5.007900000000000098e-11,3.404599999999999927e-08
5.908100000000000331e-03,1.897900000000000074e-07,7.911500000000000130e-04,7.878500000000000086e-03,1.641400000000000107e-03,8.459800000000000089e-07,1.838600000000000066e-06,7.962900000000000620e-05,2.514100000000000223e-01,2.354400000000000091e-04,2.355199999999999914e-06,4.502299999999999879e-03,2.369499999999999940e-01,2.231100000000000028e-01,5.786699999999999797e-07,4.206900000000000396e-03,2.853199999999999834e-02,4.522499999999999899e-07,5.010100000000000308e-09,5.375399999999999796e-03,2.080800000000000000e-04,3.780500000000000006e-03,4.552099999999999896e-02,4.369600000000000296e-08,2.707900000000000064e-03,4.482700000000000297e-05,7.472200000000000022e-03,2.017800000000000149e-02,9.657499999999999418e-03,8.915499999999999597e-07,8.672000000000000541e-02,2.608700000000000112e-06,0.000000000000000000e+00,1.749399999999999913e-02,1.403100000000000000e-05,8.601700000000000318e-03,4.152599999999999743e-08,4.326399999999999883e-07,1.003099999999999934e-05,9.885800000000000285e-07,2.792600000000000117e-03,6.792799999999999787e-08,5.711199999999999800e-05,2.410999999999999949e-02,2.375699999999999972e-06
8.196799999999999642e-01,4.170100000000000105e-06,1.511600000000000115e-07,1.128900000000000042e-02,1.372500000000000022e-03,1.870100000000000103e-06,1.161299999999999950e-08,4.261100000000000304e-03,8.689600000000000201e-07,1.998400000000000047e-09,3.790899999999999825e-03,1.509899999999999957e-02,6.441199999999999636e-09,2.119999999999999923e-03,5.654499999999999804e-03,1.533400000000000041e-02,8.692800000000000527e-04,2.002999999999999898e-04,1.872799999999999935e-07,4.416800000000000216e-08,1.771499999999999895e-06,4.219900000000000286e-09,1.589199999999999988e-02,2.923199999999999997e-08,1.321300000000000038e-05,1.164300000000000016e-06,1.822500000000000074e-07,4.426300000000000200e-03,1.319000000000000046e-10,4.866100000000000048e-04,4.711000000000000296e-06,2.717099999999999892e-08,8.656200000000000233e-06,0.000000000000000000e+00,4.853299999999999628e-03,6.870299999999999595e-05,2.427900000000000188e-07,1.159700000000000027e-04,2.273100000000000120e-02,3.004999999999999859e-03,1.496800000000000009e-07,1.496799999999999967e-05,4.820499999999999785e-02,2.049499999999999933e-02,2.048400000000000158e-06
6.929899999999999949e-01,4.324100000000000166e-02,1.622600000000000084e-02,4.308400000000000424e-03,5.606299999999999825e-03,3.032899999999999832e-02,7.188300000000000277e-06,6.823199999999999751e-03,4.863200000000000296e-06,4.834100000000000029e-03,6.842799999999999577e-03,6.976500000000000062e-03,2.409600000000000104e-05,6.671599999999999753e-03,5.525400000000000325e-05,6.061200000000000311e-04,1.034999999999999937e-07,1.873800000000000010e-07,1.012799999999999985e-02,1.418299999999999943e-02,6.644999999999999865e-03,6.075099999999999653e-06,9.658699999999999231e-03,3.008299999999999879e-08,6.033200000000000105e-06,6.058899999999999707e-06,4.129400000000000139e-05,1.953000000000000092e-03,7.880500000000000652e-09,6.980899999999999953e-03,7.602199999999999821e-06,2.934700000000000156e-02,1.544700000000000066e-02,2.059200000000000180e-03,0.000000000000000000e+00,1.170000000000000021e-06,1.544699999999999929e-08,7.452299999999999836e-08,3.603699999999999959e-02,1.681099999999999955e-02,1.541500000000000064e-05,3.860399999999999834e-05,2.037299999999999875e-02,3.164699999999999892e-03,1.546099999999999905e-03
5.380800000000000166e-02,1.229400000000000122e-04,2.781500000000000118e-04,1.941900000000000093e-04,1.006400000000000012e-06,8.056700000000000298e-06,1.207699999999999974e-05,2.745300000000000171e-02,4.400399999999999950e-04,3.345700000000000063e-02,1.839899999999999869e-02,3.724800000000000333e-02,9.529399999999999555e-07,1.383400000000000066e-07,9.543699999999999783e-06,1.574700000000000017e-05,8.523700000000000374e-03,1.912400000000000104e-06,2.268799999999999983e-02,4.024800000000000252e-03,9.212200000000000250e-03,6.703700000000000208e-05,2.259900000000000103e-02,1.440800000000000070e-08,9.005199999999999772e-06,5.652299999999999864e-07,1.688100000000000017e-02,2.493199999999999930e-02,7.117600000000000319e-09,8.692000000000000073e-03,2.837800000000000240e-04,1.623300000000000021e-01,1.077199999999999953e-05,3.508900000000000213e-02,2.592399999999999913e-03,0.000000000000000000e+00,1.716199999999999974e-03,1.715300000000000158e-02,2.684300000000000032e-05,6.224499999999999654e-07,2.571600000000000095e-09,1.928699999999999847e-06,4.891099999999999892e-01,2.596300000000000170e-03,5.178899999999999662e-06
8.862299999999999345e-02,7.532299999999999586e-03,9.040299999999999378e-03,1.737800000000000109e-02,5.390200000000000373e-03,2.900799999999999820e-03,5.796200000000000511e-07,1.367700000000000027e-01,3.957600000000000022e-06,1.115299999999999977e-05,1.610199999999999932e-05,2.905400000000000169e-06,3.339400000000000164e-06,1.612900000000000050e-06,3.023099999999999906e-05,2.307599999999999929e-02,8.241099999999999684e-04,3.679599999999999888e-06,1.325800000000000069e-02,4.166600000000000121e-04,5.144200000000000161e-02,1.862499999999999920e-02,6.831899999999999760e-06,2.582999999999999869e-09,1.785199999999999998e-08,8.813299999999999607e-03,3.001600000000000196e-06,1.807100000000000028e-06,9.460900000000000696e-09,1.369399999999999958e-02,9.534500000000000524e-10,3.092599999999999863e-02,2.321900000000000006e-02,1.389600000000000045e-05,6.173299999999999621e-03,2.785000000000000149e-03,0.000000000000000000e+00,9.201900000000000039e-10,1.093700000000000006e-06,1.772799999999999993e-06,9.708000000000000903e-07,4.537000000000000234e-04,5.346899999999999986e-01,2.626700000000000042e-03,1.240900000000000076e-03
8.303400000000000711e-03,3.648300000000000154e-04,2.383000000000000097e-07,1.045700000000000026e-07,5.375100000000000494e-04,1.096100000000000001e-07,1.581300000000000005e-07,2.896099999999999868e-04,1.831800000000000023e-09,1.116099999999999970e-04,2.395999999999999791e-10,3.669300000000000258e-05,3.965200000000000063e-07,9.400299999999999809e-07,4.272600000000000321e-09,3.512100000000000062e-08,6.299700000000000091e-03,8.683500000000000167e-07,1.668800000000000014e-04,1.713099999999999901e-07,2.406099999999999820e-07,5.007299999999999983e-05,1.489899999999999914e-06,3.117400000000000009e-09,2.863500000000000197e-06,3.343699999999999852e-05,2.184499999999999837e-05,3.263200000000000199e-05,9.827900000000000524e-01,2.766099999999999868e-08,1.316800000000000044e-10,2.119299999999999851e-05,2.666100000000000130e-09,7.497899999999999617e-04,9.389699999999999902e-05,2.613700000000000170e-07,1.486799999999999974e-10,0.000000000000000000e+00,4.803100000000000439e-07,4.242800000000000114e-08,6.170399999999999454e-08,7.378399999999999948e-07,2.664599999999999865e-06,8.140999999999999474e-05,1.709300000000000092e-06
4.539500000000000159e-05,5.998500000000000251e-05,2.217699999999999966e-03,2.577799999999999883e-04,5.874399999999999864e-05,1.244800000000000008e-04,2.601899999999999940e-05,8.896700000000000387e-05,3.211700000000000099e-07,3.487000000000000191e-04,1.316599999999999964e-04,4.939700000000000326e-06,5.645200000000000317e-09,6.714300000000000411e-05,4.544100000000000081e-05,7.779599999999999851e-05,4.037200000000000073e-06,4.301700000000000098e-04,6.078500000000000163e-05,9.777700000000000280e-01,2.295100000000000100e-05,2.561299999999999753e-04,6.026300000000000222e-05,1.742000000000000059e-04,1.810199999999999982e-04,5.592499999999999598e-04,1.394299999999999932e-06,1.587600000000000046e-04,4.780099999999999801e-03,1.143199999999999998e-05,6.570499999999999518e-04,7.609199999999999992e-04,2.957500000000000059e-04,1.475399999999999867e-04,3.270200000000000017e-03,2.047399999999999947e-04,1.292600000000000073e-07,5.205900000000000284e-03,0.000000000000000000e+00,9.334800000000000817e-06,7.286500000000000117e-05,6.063300000000000037e-05,1.289999999999999914e-03,1.610600000000000089e-06,9.788799999999999649e-13
4.020600000000000096e-05,1.270299999999999933e-07,1.503400000000000005e-03,2.164800000000000144e-03,6.863099999999999562e-07,3.975700000000000033e-10,1.291100000000000060e-08,9.591699999999999458e-09,7.187399999999999998e-06,9.064099999999999750e-09,4.086900000000000021e-09,7.808799999999999752e-09,4.448000000000000125e-07,4.665899999999999713e-14,3.802900000000000258e-08,4.077500000000000137e-10,9.281399999999999650e-01,1.415600000000000050e-06,5.994799999999999761e-06,3.559200000000000211e-03,1.458599999999999892e-04,4.926299999999999832e-10,5.749100000000000044e-02,4.168399999999999792e-10,5.690299999999999915e-04,9.541600000000000221e-09,1.335700000000000009e-08,6.258599999999999675e-07,1.128900000000000006e-11,2.521099999999999884e-06,3.398699999999999854e-10,7.664399999999999920e-10,7.318599999999999935e-10,2.056499999999999919e-07,2.177800000000000138e-06,4.636300000000000296e-08,4.721500000000000002e-03,1.844200000000000063e-05,8.733699999999999319e-09,0.000000000000000000e+00,4.933100000000000263e-10,7.135800000000000112e-09,1.433400000000000117e-07,1.558200000000000036e-03,6.677399999999999460e-05
6.188799999999999937e-07,4.633899999999999798e-05,2.072000000000000152e-05,4.479699999999999817e-05,3.945199999999999937e-06,1.427699999999999900e-04,1.621000000000000023e-06,3.341599999999999990e-05,9.169900000000000075e-07,7.237800000000000396e-07,8.298799999999999894e-05,5.548399999999999936e-05,1.618199999999999923e-04,1.221500000000000079e-05,7.646300000000000382e-07,6.959900000000000270e-07,5.987399999999999629e-06,7.381699999999999984e-07,2.457800000000000083e-05,4.487799999999999960e-05,2.903700000000000031e-02,1.608599999999999991e-07,9.497599999999999326e-05,1.948099999999999864e-05,2.689199999999999935e-05,4.047499999999999883e-03,3.163400000000000239e-04,1.640200000000000089e-07,1.090300000000000047e-05,1.577599999999999939e-05,9.576500000000000012e-01,2.996600000000000244e-07,1.722799999999999972e-04,4.655100000000000204e-05,2.434999999999999895e-05,2.933100000000000090e-05,7.303300000000000023e-07,5.930600000000000444e-07,9.828200000000000193e-06,5.129599999999999812e-05,0.000000000000000000e+00,7.543900000000000085e-03,2.158599999999999966e-05,3.381500000000000066e-05,1.565500000000000105e-04
1.558800000000000009e-06,7.473199999999999871e-06,5.066599999999999907e-05,5.728800000000000318e-08,4.409499999999999879e-06,3.118900000000000221e-08,6.941400000000000151e-06,3.953400000000000017e-11,4.732600000000000001e-03,7.397200000000000090e-06,1.393399999999999965e-09,7.490000000000000286e-06,3.654299999999999840e-08,1.607300000000000053e-06,6.041699999999999848e-02,5.460600000000000349e-03,1.123799999999999938e-06,3.154799999999999965e-02,5.098500000000000059e-05,2.506699999999999900e-02,4.095800000000000325e-05,1.374300000000000001e-02,1.896899999999999999e-06,5.107500000000000142e-05,1.577899999999999855e-08,1.823599999999999865e-08,6.557599999999999904e-07,4.766699999999999610e-06,2.139599999999999932e-09,1.983100000000000122e-06,8.169600000000000195e-01,6.897899999999999848e-07,4.718799999999999876e-08,3.213199999999999824e-03,9.948899999999999308e-07,1.444799999999999914e-06,4.582599999999999797e-05,1.329500000000000010e-09,1.225800000000000048e-09,5.387799999999999881e-03,1.535000000000000080e-02,0.000000000000000000e+00,2.036899999999999929e-06,1.782800000000000010e-02,3.178799999999999983e-08
9.809099999999999486e-01,2.197500000000000018e-04,5.339099999999999754e-05,1.587100000000000034e-04,1.284399999999999934e-05,1.001900000000000013e-03,1.350500000000000029e-05,6.150899999999999673e-05,2.578999999999999804e-04,2.156899999999999790e-03,1.001999999999999973e-07,3.006599999999999937e-07,6.821899999999999855e-06,2.225100000000000092e-05,3.907500000000000112e-05,1.968000000000000131e-05,1.203400000000000032e-04,1.444799999999999991e-04,2.121700000000000032e-05,4.158799999999999823e-03,3.930400000000000407e-09,3.914799999999999855e-05,8.238099999999999611e-05,5.787100000000000208e-05,1.568800000000000023e-04,3.578700000000000197e-03,3.366700000000000140e-05,1.880800000000000007e-07,2.347699999999999901e-05,2.947799999999999966e-07,5.702799999999999847e-06,2.583500000000000022e-09,3.580099999999999824e-05,2.134700000000000009e-04,5.761100000000000118e-05,6.281799999999999724e-06,9.759000000000000584e-05,4.747299999999999762e-04,2.630799999999999952e-05,5.394699999999999669e-03,3.626800000000000156e-06,2.343300000000000079e-06,0.000000000000000000e+00,3.025699999999999847e-05,2.985899999999999991e-04
1.908199999999999896e-01,4.928499999999999721e-04,1.385400000000000119e-04,4.369100000000000067e-02,1.550099999999999915e-02,3.347300000000000275e-02,3.669300000000000173e-06,1.628900000000000139e-02,6.443299999999999787e-05,1.734899999999999898e-06,2.013600000000000084e-06,1.605599999999999996e-03,9.918500000000000233e-03,1.516400000000000050e-04,9.909999999999999403e-08,2.116900000000000032e-02,1.267900000000000007e-05,2.894500000000000154e-05,2.457499999999999832e-04,5.623000000000000394e-03,3.120700000000000038e-06,2.017199999999999896e-02,1.885500000000000159e-05,9.558300000000000033e-07,4.812000000000000305e-02,1.695899999999999933e-06,2.177899999999999975e-03,6.203999999999999554e-05,5.018299999999999983e-01,5.213299999999999705e-07,8.993099999999999710e-07,1.124300000000000061e-04,4.072300000000000052e-03,3.178299999999999789e-03,2.665399999999999925e-05,1.299900000000000014e-02,1.627799999999999859e-08,4.840200000000000058e-02,6.885300000000000383e-07,6.699000000000000093e-03,7.064300000000000100e-09,2.536499999999999916e-08,1.289500000000000021e-02,0.000000000000000000e+00,4.894599999999999902e-07
7.111199999999999743e-01,1.717200000000000107e-03,6.329399999999999753e-08,6.999799999999999599e-03,1.362499999999999996e-02,1.062199999999999950e-02,2.467300000000000077e-06,1.990899999999999914e-07,1.866200000000000028e-09,6.067099999999999750e-03,3.051600000000000146e-02,7.034499999999999954e-03,6.334699999999999675e-07,1.038100000000000064e-06,3.707499999999999994e-05,3.942199999999999871e-03,2.935200000000000222e-04,7.015500000000000035e-03,6.199300000000000090e-06,6.257800000000000428e-04,4.368300000000000311e-09,6.118099999999999919e-06,2.054600000000000176e-03,1.590300000000000047e-02,2.633800000000000092e-05,1.429999999999999967e-07,2.878500000000000053e-06,1.361300000000000010e-02,6.412899999999999641e-09,1.467599999999999894e-03,7.279500000000000353e-06,2.329100000000000181e-03,2.954099999999999804e-06,2.290999999999999981e-02,9.736799999999999679e-07,1.732500000000000099e-03,2.988699999999999756e-07,1.627600000000000097e-03,3.676200000000000127e-03,2.378900000000000198e-03,2.043999999999999827e-06,2.687100000000000073e-06,1.260900000000000076e-01,6.542700000000000252e-03,0.000000000000000000e+00
